#,Player,Pos,Year,AVG,TTL
1.0,Aaron Rodgers,QB,2016,23.8,380.0
2.0,David Johnson,RB,2016,23.0,367.8
3.0,Matt Ryan,QB,2016,21.7,347.5
4.0,Drew Brees,QB,2016,20.8,332.3
5.0,Ezekiel Elliott,RB,2016,20.6,309.4
6.0,Kirk Cousins,QB,2016,18.8,300.3
7.0,Dak Prescott,QB,2016,17.9,286.9
8.0,Le'Veon Bell,RB,2016,23.3,279.9
9.0,Matthew Stafford,QB,2016,17.5,279.8
10.0,LeSean McCoy,RB,2016,18.2,273.3
11.0,Tyrod Taylor,QB,2016,18.1,270.9
12.0,Blake Bortles,QB,2016,16.9,270.6
13.0,Russell Wilson,QB,2016,16.8,269.1
14.0,Derek Carr,QB,2016,17.9,268.5
15.0,Andy Dalton,QB,2016,16.3,260.6
16.0,Marcus Mariota,QB,2016,17.3,259.9
17.0,Philip Rivers,QB,2016,16.2,258.9
18.0,Tom Brady,QB,2016,21.5,258.6
19.0,Devonta Freeman,RB,2016,16.1,257.1
20.0,Mike Evans,WR,2016,16.0,256.1
21.0,Jameis Winston,QB,2016,16.0,256.1
22.0,Antonio Brown,WR,2016,17.0,254.3
23.0,Cam Newton,QB,2016,17.0,254.3
24.0,Ben Roethlisberger,QB,2016,18.0,252.2
25.0,Odell Beckham Jr.,WR,2016,15.4,246.1
26.0,Joe Flacco,QB,2016,15.2,242.5
27.0,Melvin Gordon III,RB,2016,17.7,230.1
28.0,T.Y. Hilton,WR,2016,14.3,228.3
29.0,Alex Smith,QB,2016,15.0,224.3
30.0,Mark Ingram II,RB,2016,13.7,219.2
31.0,Julio Jones,WR,2016,15.6,218.4
32.0,Jordan Howard,RB,2016,14.4,215.6
33.0,Carson Wentz,QB,2016,13.3,213.5
34.0,Michael Thomas,WR,2016,14.0,209.7
35.0,Davante Adams,WR,2016,13.1,209.2
36.0,Brandin Cooks,WR,2016,13.0,207.3
37.0,Jay Ajayi,RB,2016,13.5,201.8
38.0,Michael Crabtree,WR,2016,12.2,194.8
39.0,Trevor Siemian,QB,2016,13.7,191.7
39.0,Latavius Murray,RB,2016,13.7,191.7
41.0,Amari Cooper,WR,2016,11.9,190.8
42.0,Ryan Tannehill,QB,2016,14.6,190.2
43.0,Jarvis Landry,WR,2016,11.5,184.3
44.0,Tyrell Williams,WR,2016,11.4,182.4
45.0,Julian Edelman,WR,2016,11.3,181.3
46.0,Travis Kelce,TE,2016,11.3,180.5
47.0,Carlos Hyde,RB,2016,13.7,178.6
48.0,Golden Tate,WR,2016,11.1,177.6
49.0,Tevin Coleman,RB,2016,13.5,175.6
49.0,Lamar Miller,RB,2016,12.5,175.6
51.0,Justin Tucker,K,2016,10.9,175.0
52.0,Emmanuel Sanders,WR,2016,10.8,173.1
53.0,Tyreek Hill,WR,2016,10.5,168.5
54.0,Kyle Rudolph,TE,2016,10.5,167.5
55.0,Greg Olsen,TE,2016,10.5,167.3
56.0,Allen Robinson II,WR,2016,10.2,162.8
57.0,Adam Thielen,WR,2016,10.0,160.7
58.0,DeAndre Hopkins,WR,2016,9.9,158.4
59.0,Jamison Crowder,WR,2016,9.9,158.0
60.0,Jimmy Graham,TE,2016,9.8,156.8
61.0,Willie Snead IV,WR,2016,10.4,155.5
62.0,A.J. Green,WR,2016,15.3,153.4
63.0,DeSean Jackson,WR,2016,10.2,152.5
64.0,Denver Broncos,DST,2016,9.5,152.0
65.0,Sterling Shepard,WR,2016,9.5,151.9
66.0,Cole Beasley,WR,2016,9.5,151.5
67.0,Stefon Diggs,WR,2016,11.6,151.3
68.0,Dustin Hopkins,K,2016,9.4,151.0
69.0,Adam Vinatieri,K,2016,9.3,149.0
70.0,Kansas City Chiefs,DST,2016,9.3,148.0
70.0,Matt Prater,K,2016,9.3,148.0
72.0,Kenny Stills,WR,2016,9.2,147.6
73.0,Wil Lutz,K,2016,9.2,147.0
74.0,Arizona Cardinals,DST,2016,9.1,146.0
75.0,Marvin Jones Jr.,WR,2016,9.7,144.8
76.0,Zach Ertz,TE,2016,10.3,144.6
77.0,Cameron Brate,TE,2016,9.5,142.5
78.0,Graham Gano,K,2016,8.8,141.0
78.0,New York Giants,DST,2016,8.8,141.0
80.0,Dan Bailey,K,2016,8.8,140.0
80.0,Stephen Gostkowski,K,2016,8.8,140.0
82.0,Cairo Santos,K,2016,8.7,139.0
82.0,Minnesota Vikings,DST,2016,8.7,139.0
84.0,Stephen Hauschka,K,2016,8.6,138.0
85.0,Jordan Reed,TE,2016,11.3,135.6
86.0,Theo Riddick,RB,2016,13.5,135.3
87.0,Jordan Matthews,TE,2016,9.6,134.9
88.0,Dontrelle Inman,WR,2016,8.4,134.0
88.0,Jason Myers,K,2016,8.4,134.0
90.0,Tampa Bay Buccaneers,DST,2016,8.3,133.0
91.0,Brandon McManus,K,2016,8.3,132.6
92.0,James White,RB,2016,8.2,131.7
93.0,Mason Crosby,K,2016,8.1,129.0
94.0,Philadelphia Eagles,DST,2016,8.0,128.0
95.0,Devontae Booker,RB,2016,8.0,127.2
96.0,Jerick McKinnon,RB,2016,8.5,126.9
97.0,DeVante Parker,WR,2016,8.4,126.4
98.0,Josh Lambo,K,2016,7.9,126.0
98.0,New England Patriots,DST,2016,7.9,126.0
100.0,Carolina Panthers,DST,2016,7.8,124.0
101.0,Chris Thompson,RB,2016,7.7,123.0
102.0,Taylor Gabriel,WR,2016,9.4,122.5
103.0,J.J. Nelson,WR,2016,8.1,122.1
104.0,Baltimore Ravens,DST,2016,7.6,122.0
105.0,Alshon Jeffery,WR,2016,10.0,120.1
106.0,Mohamed Sanu Sr.,WR,2016,8.0,119.3
107.0,Los Angeles Chargers,DST,2016,7.4,119.0
107.0,Ryan Succop,K,2016,7.4,119.0
109.0,Ty Montgomery II,RB,2016,7.9,118.5
110.0,Randall Cobb,WR,2016,9.1,118.3
111.0,Tavon Austin,WR,2016,7.9,117.8
111.0,Jason Witten,TE,2016,7.4,117.8
113.0,Duke Johnson Jr.,RB,2016,7.4,117.7
114.0,Seattle Seahawks,DST,2016,7.3,116.0
115.0,Jack Doyle,TE,2016,7.2,115.9
116.0,Eric Ebron,TE,2016,8.7,113.7
117.0,T.J. Yeldon,RB,2016,7.5,112.7
118.0,Nick Folk,K,2016,7.0,112.0
119.0,Hunter Henry,TE,2016,7.5,111.8
120.0,Case Keenum,QB,2016,11.1,111.1
121.0,Atlanta Falcons,DST,2016,6.9,111.0
122.0,Chris Boswell,K,2016,7.3,110.0
123.0,Chris Hogan,WR,2016,7.3,109.9
124.0,Travis Benjamin,WR,2016,7.8,108.9
125.0,Pittsburgh Steelers,DST,2016,6.6,106.0
126.0,Adam Humphries,WR,2016,7.0,105.5
127.0,Miami Dolphins,DST,2016,6.5,104.0
128.0,Tyler Lockett,WR,2016,6.9,103.6
129.0,Buffalo Bills,DST,2016,6.4,103.0
130.0,Giovani Bernard,RB,2016,10.3,102.8
131.0,Jalen Richard,RB,2016,6.3,101.0
132.0,Green Bay Packers,DST,2016,6.3,100.0
133.0,Derrick Henry,RB,2016,6.6,99.2
134.0,William Fuller V,WR,2016,7.1,98.7
135.0,Tyler Boyd,WR,2016,6.1,97.1
136.0,Mike Nugent,K,2016,7.5,97.0
137.0,Las Vegas Raiders,DST,2016,5.9,94.0
138.0,Robbie Chosen,WR,2016,5.9,93.9
139.0,Robert Woods,WR,2016,7.2,93.4
140.0,Vernon Davis,TE,2016,5.8,92.3
141.0,Tennessee Titans,DST,2016,5.8,92.0
141.0,Cincinnati Bengals,DST,2016,5.8,92.0
143.0,Dallas Cowboys,DST,2016,5.7,91.0
143.0,Los Angeles Rams,DST,2016,5.7,91.0
145.0,Cody Parkey,K,2016,6.4,89.0
145.0,Houston Texans,DST,2016,5.6,89.0
147.0,Cordarrelle Patterson,RB,2016,5.5,87.6
147.0,Donte Moncrief,WR,2016,9.7,87.6
149.0,Greg Zuerlein,K,2016,5.4,87.0
150.0,Washington Commanders,DST,2016,5.4,86.0
1.0,Russell Wilson,QB,2017,21.7,347.9
2.0,Cam Newton,QB,2017,18.7,299.5
3.0,Le'Veon Bell,RB,2017,19.9,299.1
4.0,Tom Brady,QB,2017,18.5,295.9
5.0,Alex Smith,QB,2017,19.7,295.2
6.0,Carson Wentz,QB,2017,21.7,281.7
7.0,Kirk Cousins,QB,2017,17.4,277.6
8.0,Alvin Kamara,RB,2017,17.1,273.9
9.0,Matthew Stafford,QB,2017,17.1,273.6
10.0,Philip Rivers,QB,2017,16.9,270.4
11.0,Kareem Hunt,RB,2017,16.8,268.7
12.0,Drew Brees,QB,2017,16.4,262.6
13.0,DeAndre Hopkins,WR,2017,17.5,261.8
14.0,Ben Roethlisberger,QB,2017,17.4,260.7
15.0,Dak Prescott,QB,2017,16.3,260.7
16.0,Antonio Brown,WR,2017,18.6,259.8
17.0,Melvin Gordon III,RB,2017,16.2,259.1
18.0,Jared Goff,QB,2017,17.0,255.3
19.0,Blake Bortles,QB,2017,15.6,249.7
20.0,Mark Ingram II,RB,2017,15.6,249.0
21.0,Case Keenum,QB,2017,15.9,237.9
22.0,LeSean McCoy,RB,2017,14.6,234.1
23.0,Matt Ryan,QB,2017,14.3,228.1
24.0,Keenan Allen,WR,2017,14.2,227.2
25.0,Tyrod Taylor,QB,2017,14.8,222.7
26.0,Leonard Fournette,RB,2017,16.3,212.2
27.0,Andy Dalton,QB,2017,13.2,210.7
28.0,Marcus Mariota,QB,2017,14.0,210.5
29.0,Julio Jones,WR,2017,13.0,207.9
30.0,Michael Thomas,WR,2017,12.9,206.5
31.0,Derek Carr,QB,2017,13.8,206.4
32.0,Jacoby Brissett,QB,2017,12.9,205.9
33.0,Josh McCown,QB,2017,15.8,205.4
34.0,Carlos Hyde,RB,2017,12.8,204.3
35.0,Jarvis Landry,WR,2017,12.8,204.0
36.0,Tyreek Hill,WR,2017,13.4,201.7
37.0,Jameis Winston,QB,2017,15.5,201.7
38.0,Jacksonville Jaguars,DST,2017,12.4,199.0
39.0,Marvin Jones Jr.,WR,2017,12.2,194.6
40.0,Adam Thielen,WR,2017,12.1,194.2
41.0,Rob Gronkowski,TE,2017,13.8,192.9
42.0,Travis Kelce,TE,2017,12.8,192.0
43.0,Ezekiel Elliott,RB,2017,19.0,190.2
44.0,A.J. Green,WR,2017,11.8,189.3
45.0,Brandin Cooks,WR,2017,11.8,188.7
46.0,Christian McCaffrey,RB,2017,11.8,188.6
47.0,Jordan Howard,RB,2017,11.8,188.2
48.0,Davante Adams,WR,2017,13.3,185.5
49.0,Joe Flacco,QB,2017,11.6,185.0
50.0,Devonta Freeman,RB,2017,13.0,182.2
51.0,Greg Zuerlein,K,2017,13.0,182.0
52.0,Dion Lewis,RB,2017,11.3,181.0
53.0,Duke Johnson Jr.,RB,2017,11.2,179.1
54.0,Golden Tate,WR,2017,11.2,178.5
55.0,DeShone Kizer,QB,2017,11.7,175.7
56.0,Lamar Miller,RB,2017,11.0,175.5
57.0,Baltimore Ravens,DST,2017,10.9,174.0
58.0,Stephen Gostkowski,K,2017,10.8,172.0
59.0,Robbie Gould,K,2017,10.6,170.0
60.0,Deshaun Watson,QB,2017,24.1,168.9
61.0,Robbie Chosen,WR,2017,10.5,168.5
62.0,Mike Evans,WR,2017,11.2,167.6
63.0,Alshon Jeffery,WR,2017,10.5,167.4
64.0,Stefon Diggs,WR,2017,11.9,166.2
65.0,Philadelphia Eagles,DST,2017,10.4,166.0
66.0,Zach Ertz,TE,2017,11.8,165.4
67.0,Devin Funchess,WR,2017,10.2,163.5
68.0,JuJu Smith-Schuster,WR,2017,11.6,162.7
69.0,Justin Tucker,K,2017,10.1,162.0
70.0,Wil Lutz,K,2017,10.1,161.4
71.0,Los Angeles Rams,DST,2017,10.1,161.0
72.0,Harrison Butker,K,2017,12.3,160.0
73.0,Alex Collins,RB,2017,10.6,159.5
74.0,Chris Boswell,K,2017,9.9,159.0
75.0,Nelson Agholor,WR,2017,9.8,156.5
76.0,Ryan Succop,K,2017,9.8,156.0
77.0,Tevin Coleman,RB,2017,10.3,154.2
77.0,Marshawn Lynch,RB,2017,10.3,154.2
79.0,Jerick McKinnon,RB,2017,9.5,152.6
80.0,Matt Prater,K,2017,9.4,151.0
80.0,Los Angeles Chargers,DST,2017,9.4,151.0
82.0,Latavius Murray,RB,2017,9.4,150.0
83.0,T.Y. Hilton,WR,2017,9.2,147.1
84.0,Cooper Kupp,WR,2017,9.7,145.9
85.0,Kenny Stills,WR,2017,9.1,145.7
86.0,Detroit Lions,DST,2017,9.0,144.0
87.0,New Orleans Saints,DST,2017,8.9,143.0
88.0,Michael Crabtree,WR,2017,10.2,142.8
89.0,Jimmy Graham,TE,2017,8.9,142.5
90.0,Evan Engram,TE,2017,9.4,141.6
91.0,Mohamed Sanu Sr.,WR,2017,9.4,140.8
92.0,Marquise Goodwin,WR,2017,8.8,140.6
93.0,Jake Elliott,K,2017,9.3,139.0
94.0,Stephen Hauschka,K,2017,8.6,137.0
95.0,Robert Woods,WR,2017,11.3,135.3
96.0,Mitchell Trubisky,QB,2017,11.2,134.5
97.0,Amari Cooper,WR,2017,9.6,134.4
98.0,Chris Thompson,RB,2017,13.2,131.9
99.0,Graham Gano,K,2017,8.2,131.0
99.0,Seattle Seahawks,DST,2017,8.2,131.0
99.0,Pittsburgh Steelers,DST,2017,8.2,131.0
102.0,Jamaal Williams,RB,2017,8.1,130.3
103.0,Giovani Bernard,RB,2017,8.1,130.2
104.0,Kyle Rudolph,TE,2017,8.1,129.7
105.0,Aaron Rodgers,QB,2017,18.5,129.6
106.0,Derrick Henry,RB,2017,8.1,129.5
107.0,Jack Doyle,TE,2017,8.6,129.0
108.0,Paul Richardson Jr.,WR,2017,8.0,128.3
109.0,Theo Riddick,RB,2017,8.0,127.5
110.0,Jamison Crowder,WR,2017,8.5,127.3
111.0,Sammy Watkins,WR,2017,8.5,126.8
112.0,Randall Cobb,WR,2017,8.4,126.4
113.0,Joe Mixon,RB,2017,9.0,126.3
113.0,Kenyan Drake,RB,2017,7.9,126.3
115.0,Trevor Siemian,QB,2017,11.5,126.1
116.0,Chicago Bears,DST,2017,7.8,125.0
116.0,Carolina Panthers,DST,2017,7.8,125.0
116.0,Adam Vinatieri,K,2017,8.3,125.0
119.0,Brett Hundley,QB,2017,11.3,123.9
120.0,Jay Ajayi,RB,2017,8.8,123.1
121.0,Cameron Brate,TE,2017,7.4,119.1
122.0,Kansas City Chiefs,DST,2017,7.4,118.0
123.0,Tarik Cohen,RB,2017,7.4,117.6
124.0,Minnesota Vikings,DST,2017,7.3,117.0
125.0,Tyrell Williams,WR,2017,7.3,116.3
126.0,New England Patriots,DST,2017,7.3,116.0
127.0,Jason Witten,TE,2017,7.2,115.5
128.0,Sterling Shepard,WR,2017,10.5,115.0
129.0,Rex Burkhead,RB,2017,11.5,114.8
130.0,DeSean Jackson,WR,2017,8.1,113.6
131.0,Ameer Abdullah,RB,2017,8.0,111.9
132.0,Keelan Cole Sr.,WR,2017,7.0,111.8
133.0,Arizona Cardinals,DST,2017,6.9,111.0
133.0,Tennessee Titans,DST,2017,6.9,111.0
135.0,Washington Commanders,DST,2017,6.8,109.0
135.0,Brandon McManus,K,2017,6.8,109.0
137.0,Danny Amendola,WR,2017,7.2,108.4
138.0,Martavis Bryant,WR,2017,7.2,107.5
139.0,Travis Benjamin,WR,2017,6.7,107.3
140.0,Benjamin Watson,TE,2017,6.7,106.7
141.0,Denver Broncos,DST,2017,6.6,106.0
141.0,Dallas Cowboys,DST,2017,6.6,106.0
141.0,Tampa Bay Buccaneers,DST,2017,6.2,106.0
144.0,James White,RB,2017,7.6,106.0
145.0,Eric Ebron,TE,2017,6.6,105.9
146.0,Jared Cook,TE,2017,6.6,105.8
147.0,Hunter Henry,TE,2017,7.5,104.4
148.0,Ka'imi Fairbairn,K,2017,6.5,104.0
148.0,Buffalo Bills,DST,2017,6.5,104.0
150.0,Ryan Grant,WR,2017,6.5,103.8
1.0,Patrick Mahomes II,QB,2018,26.1,417.1
2.0,Matt Ryan,QB,2018,22.2,354.5
3.0,Ben Roethlisberger,QB,2018,21.3,341.4
4.0,Saquon Barkley,RB,2018,21.3,340.3
5.0,Christian McCaffrey,RB,2018,20.8,332.0
6.0,Deshaun Watson,QB,2018,20.7,331.7
7.0,Alvin Kamara,RB,2018,20.9,313.7
8.0,Aaron Rodgers,QB,2018,19.5,312.6
9.0,Jared Goff,QB,2018,19.4,310.3
10.0,Drew Brees,QB,2018,20.3,304.5
11.0,Russell Wilson,QB,2018,18.7,298.9
12.0,Ezekiel Elliott,RB,2018,19.4,290.6
13.0,Dak Prescott,QB,2018,17.9,285.9
14.0,Philip Rivers,QB,2018,17.8,285.0
15.0,Tyreek Hill,WR,2018,17.8,284.5
16.0,Kirk Cousins,QB,2018,17.7,282.6
17.0,Cam Newton,QB,2018,20.2,282.6
18.0,Tom Brady,QB,2018,17.6,280.8
19.0,DeAndre Hopkins,WR,2018,17.3,276.0
20.0,Davante Adams,WR,2018,18.3,274.1
21.0,Antonio Brown,WR,2018,18.1,271.7
22.0,Julio Jones,WR,2018,16.8,269.4
23.0,Mitchell Trubisky,QB,2018,18.8,263.0
24.0,Michael Thomas,WR,2018,15.8,253.0
25.0,James Conner,RB,2018,19.4,252.2
26.0,Adam Thielen,WR,2018,15.7,250.8
27.0,Melvin Gordon III,RB,2018,20.9,250.5
28.0,Travis Kelce,TE,2018,15.2,243.1
29.0,JuJu Smith-Schuster,WR,2018,15.1,241.4
30.0,Mike Evans,WR,2018,15.1,241.4
31.0,Baker Mayfield,QB,2018,17.2,240.1
32.0,James White,RB,2018,14.6,233.1
33.0,Robert Woods,WR,2018,13.9,222.6
34.0,Zach Ertz,TE,2018,13.9,222.3
35.0,Joe Mixon,RB,2018,15.9,221.9
36.0,David Johnson,RB,2018,13.9,221.6
37.0,Kareem Hunt,RB,2018,19.7,217.2
38.0,Derek Carr,QB,2018,13.5,216.3
39.0,Stefon Diggs,WR,2018,14.4,215.3
40.0,Case Keenum,QB,2018,13.4,214.9
41.0,George Kittle,TE,2018,13.4,214.7
42.0,Matthew Stafford,QB,2018,13.3,212.2
43.0,Keenan Allen,WR,2018,13.2,211.6
44.0,Josh Allen,QB,2018,17.3,208.1
45.0,Phillip Lindsay,RB,2018,13.7,205.3
46.0,Brandin Cooks,WR,2018,12.7,203.2
47.0,T.Y. Hilton,WR,2018,14.4,201.0
48.0,Tarik Cohen,RB,2018,12.4,198.4
49.0,Jameis Winston,QB,2018,17.8,195.8
50.0,Tyler Lockett,WR,2018,12.1,193.9
51.0,Derrick Henry,RB,2018,12.1,193.2
52.0,Carson Wentz,QB,2018,17.6,193.2
53.0,Odell Beckham Jr.,WR,2018,16.0,191.8
54.0,Chris Carson,RB,2018,13.7,191.4
55.0,Chicago Bears,DST,2018,11.9,190.0
56.0,Eric Ebron,TE,2018,11.8,189.2
57.0,Nick Chubb,RB,2018,11.5,184.5
58.0,Tyler Boyd,WR,2018,13.1,183.1
59.0,Kenyan Drake,RB,2018,11.2,179.7
60.0,Adrian Peterson,RB,2018,11.2,179.0
61.0,Amari Cooper,WR,2018,11.9,178.0
62.0,Tevin Coleman,RB,2018,11.1,177.6
63.0,Jarvis Landry,WR,2018,11.0,176.6
64.0,Marcus Mariota,QB,2018,12.5,175.4
65.0,Calvin Ridley,WR,2018,10.9,174.8
66.0,Andy Dalton,QB,2018,15.9,174.5
67.0,Blake Bortles,QB,2018,13.3,173.2
68.0,Kenny Golladay,WR,2018,11.5,172.1
69.0,Julian Edelman,WR,2018,14.2,170.4
70.0,Jordan Howard,RB,2018,10.6,170.0
70.0,Ka'imi Fairbairn,K,2018,10.6,170.0
72.0,Marlon Mack,RB,2018,14.1,169.6
73.0,Sam Darnold,QB,2018,13.0,168.4
74.0,Emmanuel Sanders,WR,2018,13.6,162.7
75.0,Lamar Miller,RB,2018,11.4,160.1
76.0,Justin Tucker,K,2018,10.0,160.0
77.0,Jared Cook,TE,2018,10.0,159.6
78.0,Mike Williams,WR,2018,9.9,158.7
79.0,Aaron Jones Sr.,RB,2018,13.2,158.4
80.0,Lamar Jackson,QB,2018,9.8,157.5
81.0,Chris Godwin Jr.,WR,2018,9.7,155.7
82.0,Alshon Jeffery,WR,2018,11.8,152.8
83.0,Corey Davis,WR,2018,9.4,151.1
84.0,Jason Myers,K,2018,9.4,151.0
84.0,Wil Lutz,K,2018,9.4,151.0
86.0,Adam Humphries,WR,2018,9.4,150.7
87.0,Sterling Shepard,WR,2018,9.3,149.5
88.0,Mohamed Sanu Sr.,WR,2018,9.3,149.4
89.0,Austin Ekeler,RB,2018,10.7,149.3
90.0,Matt Breida,RB,2018,10.6,149.0
90.0,Los Angeles Rams,DST,2018,9.3,149.0
92.0,Houston Texans,DST,2018,9.2,147.0
92.0,Harrison Butker,K,2018,9.2,147.0
94.0,Golden Tate,WR,2018,9.7,145.9
95.0,T.J. Yeldon,RB,2018,10.4,145.6
96.0,Mason Crosby,K,2018,9.1,145.0
97.0,Ryan Tannehill,QB,2018,13.0,142.5
98.0,Aldrick Rosas,K,2018,8.8,141.0
99.0,Dede Westbrook,WR,2018,8.8,140.5
100.0,Peyton Barber,RB,2018,8.8,140.3
101.0,Robbie Gould,K,2018,8.7,139.0
102.0,Stephen Gostkowski,K,2018,8.6,138.0
102.0,Alex Smith,QB,2018,13.8,138.0
102.0,Brett Maher,K,2018,8.6,138.0
105.0,Zay Jones,WR,2018,8.6,137.2
106.0,Joe Flacco,QB,2018,15.2,137.1
107.0,Sony Michel,RB,2018,10.4,135.6
108.0,Nelson Agholor,WR,2018,8.3,133.4
109.0,Dalvin Cook,RB,2018,12.0,132.0
109.0,Mark Ingram II,RB,2018,11.0,132.0
111.0,Robbie Chosen,WR,2018,9.4,131.4
112.0,Dion Lewis,RB,2018,8.2,131.2
113.0,New England Patriots,DST,2018,8.2,131.0
114.0,DeSean Jackson,WR,2018,10.9,130.8
115.0,DJ Moore,WR,2018,8.1,129.5
116.0,Nyheim Miller-Hines,RB,2018,8.1,129.4
117.0,Matt Prater,K,2018,8.1,129.3
118.0,Greg Zuerlein,K,2018,11.6,128.0
119.0,Austin Hooper,TE,2018,8.0,127.5
120.0,A.J. Green,WR,2018,14.0,126.4
121.0,Baltimore Ravens,DST,2018,7.9,126.0
121.0,Denver Broncos,DST,2018,7.9,126.0
121.0,Adam Vinatieri,K,2018,7.9,126.0
124.0,Allen Robinson II,WR,2018,9.7,125.8
125.0,Kansas City Chiefs,DST,2018,7.8,125.0
125.0,Minnesota Vikings,DST,2018,7.8,125.0
127.0,Nick Mullens,QB,2018,15.4,123.5
128.0,Kerryon Johnson,RB,2018,12.3,123.4
129.0,Seattle Seahawks,DST,2018,7.7,123.0
130.0,John Brown,WR,2018,7.7,122.9
131.0,Jalen Richard,RB,2018,7.7,122.6
132.0,Cody Parkey,K,2018,7.6,122.0
132.0,Jake Elliott,K,2018,7.6,122.0
134.0,Dustin Hopkins,K,2018,7.6,121.0
135.0,Latavius Murray,RB,2018,7.6,120.9
136.0,Trey Burton,TE,2018,7.5,120.1
137.0,Washington Commanders,DST,2018,7.5,120.0
138.0,Mike Davis,RB,2018,8.0,119.8
139.0,Kyle Rudolph,TE,2018,7.5,119.4
140.0,Taylor Gabriel,WR,2018,7.4,118.4
141.0,Josh Gordon,WR,2018,9.9,118.2
142.0,Indianapolis Colts,DST,2018,7.4,118.0
143.0,Cole Beasley,WR,2018,7.4,117.7
144.0,Tyrell Williams,WR,2018,7.3,117.3
145.0,Curtis Samuel,WR,2018,9.0,117.3
146.0,Ryan Succop,K,2018,7.3,117.0
147.0,Kenny Stills,WR,2018,7.7,115.9
148.0,David Njoku,TE,2018,7.2,115.9
149.0,Courtland Sutton,WR,2018,7.2,115.3
150.0,Cooper Kupp,WR,2018,14.4,115.1
1.0,Lamar Jackson,QB,2019,28.1,421.7
2.0,Christian McCaffrey,RB,2019,25.8,413.2
3.0,Dak Prescott,QB,2019,21.8,348.8
4.0,Jameis Winston,QB,2019,21.0,335.4
5.0,Russell Wilson,QB,2019,20.9,333.6
6.0,Deshaun Watson,QB,2019,22.2,332.5
7.0,Michael Thomas,WR,2019,18.8,300.1
8.0,Josh Allen,QB,2019,18.6,297.6
9.0,Kyler Murray,QB,2019,18.6,297.3
10.0,Patrick Mahomes II,QB,2019,20.9,292.0
11.0,Aaron Jones Sr.,RB,2019,18.1,290.3
12.0,Derrick Henry,RB,2019,19.0,285.6
13.0,Ezekiel Elliott,RB,2019,17.8,284.7
14.0,Carson Wentz,QB,2019,17.7,282.9
15.0,Aaron Rodgers,QB,2019,17.6,282.1
16.0,Matt Ryan,QB,2019,18.8,281.3
17.0,Tom Brady,QB,2019,17.0,271.7
18.0,Dalvin Cook,RB,2019,19.0,265.9
19.0,Jared Goff,QB,2019,16.5,263.5
20.0,Austin Ekeler,RB,2019,16.4,263.0
21.0,Jimmy Garoppolo,QB,2019,16.3,260.3
22.0,Philip Rivers,QB,2019,16.0,255.5
23.0,Derek Carr,QB,2019,15.8,252.4
24.0,Kirk Cousins,QB,2019,16.7,250.4
25.0,Baker Mayfield,QB,2019,15.6,250.2
26.0,Nick Chubb,RB,2019,14.8,237.2
27.0,Gardner Minshew II,QB,2019,16.8,235.2
28.0,Chris Godwin Jr.,WR,2019,16.7,233.1
29.0,New England Patriots,DST,2019,14.5,232.0
30.0,Ryan Tannehill,QB,2019,19.2,230.2
31.0,Mark Ingram II,RB,2019,15.3,229.5
32.0,Drew Brees,QB,2019,20.8,228.8
33.0,Daniel Jones,QB,2019,17.5,227.0
34.0,Julio Jones,WR,2019,15.0,224.6
35.0,Cooper Kupp,WR,2019,14.0,223.5
36.0,Jacoby Brissett,QB,2019,14.9,223.2
37.0,Leonard Fournette,RB,2019,14.8,221.4
38.0,Saquon Barkley,RB,2019,16.8,218.1
39.0,DeAndre Hopkins,WR,2019,14.5,217.5
40.0,Andy Dalton,QB,2019,16.7,217.2
41.0,Kenny Golladay,WR,2019,13.5,215.5
42.0,Chris Carson,RB,2019,14.3,214.1
43.0,Mitchell Trubisky,QB,2019,14.2,212.8
44.0,DeVante Parker,WR,2019,13.1,210.2
45.0,Keenan Allen,WR,2019,13.1,209.5
46.0,Alvin Kamara,RB,2019,14.9,208.0
47.0,Joe Mixon,RB,2019,13.0,207.9
48.0,Amari Cooper,WR,2019,12.9,207.0
49.0,Julian Edelman,WR,2019,12.9,206.3
50.0,Allen Robinson II,WR,2019,12.9,205.9
51.0,Travis Kelce,TE,2019,12.9,205.8
52.0,Sam Darnold,QB,2019,15.6,202.2
53.0,Mike Evans,WR,2019,15.3,199.2
54.0,Jarvis Landry,WR,2019,12.2,195.9
55.0,Tyler Lockett,WR,2019,12.1,194.2
56.0,Miles Sanders,RB,2019,12.1,193.7
57.0,Kyle Allen,QB,2019,13.8,193.5
58.0,A.J. Brown,WR,2019,11.9,191.1
59.0,DJ Chark Jr.,WR,2019,12.6,189.3
60.0,Kenyan Drake,RB,2019,13.5,189.2
61.0,Robert Woods,WR,2019,12.5,187.9
62.0,DJ Moore,WR,2019,12.5,187.0
63.0,Courtland Sutton,WR,2019,11.7,186.4
64.0,John Brown,WR,2019,12.3,183.8
65.0,Le'Veon Bell,RB,2019,12.1,182.0
66.0,Josh Jacobs,RB,2019,14.0,181.6
67.0,Pittsburgh Steelers,DST,2019,11.3,181.0
68.0,Stefon Diggs,WR,2019,12.0,180.6
69.0,Phillip Lindsay,RB,2019,11.3,180.2
70.0,George Kittle,TE,2019,12.9,180.0
71.0,Michael Gallup,WR,2019,12.8,179.7
72.0,Tyler Boyd,WR,2019,11.1,177.9
73.0,Darren Waller,TE,2019,11.0,176.0
74.0,Mark Andrews,TE,2019,11.7,175.2
75.0,Marlon Mack,RB,2019,12.5,174.3
76.0,Zach Ertz,TE,2019,11.4,171.6
77.0,Matthew Stafford,QB,2019,21.4,171.6
78.0,Davante Adams,WR,2019,14.3,171.2
79.0,Devonta Freeman,RB,2019,12.0,168.1
80.0,Harrison Butker,K,2019,10.4,166.0
81.0,Calvin Ridley,WR,2019,12.7,165.5
82.0,Odell Beckham Jr.,WR,2019,10.3,164.3
83.0,James White,RB,2019,10.9,164.2
84.0,Wil Lutz,K,2019,10.2,163.0
84.0,San Francisco 49ers,DST,2019,10.2,163.0
86.0,Terry McLaurin,WR,2019,11.6,162.9
86.0,Marvin Jones Jr.,WR,2019,12.5,162.9
88.0,Deebo Samuel Sr.,WR,2019,10.7,160.6
89.0,Melvin Gordon III,RB,2019,13.3,159.8
90.0,Tyreek Hill,WR,2019,13.3,159.3
91.0,Jamison Crowder,WR,2019,9.9,158.7
92.0,Raheem Mostert,RB,2019,9.9,158.2
93.0,DK Metcalf,WR,2019,9.9,158.1
94.0,David Montgomery,RB,2019,9.9,157.9
95.0,Emmanuel Sanders,WR,2019,9.3,157.3
96.0,Austin Hooper,TE,2019,11.9,154.2
97.0,Baltimore Ravens,DST,2019,9.6,153.0
97.0,Justin Tucker,K,2019,9.6,153.0
99.0,Cole Beasley,WR,2019,10.1,151.3
100.0,Ronald Jones II,RB,2019,9.4,150.8
101.0,Carlos Hyde,RB,2019,9.3,148.2
102.0,Kansas City Chiefs,DST,2019,9.3,148.0
103.0,Sony Michel,RB,2019,9.2,146.6
104.0,Jared Cook,TE,2019,10.4,146.0
104.0,Darius Slayton,WR,2019,10.4,146.0
104.0,Los Angeles Rams,DST,2019,9.1,146.0
107.0,Matt Gay,K,2019,9.1,145.0
108.0,Curtis Samuel,WR,2019,9.0,144.7
109.0,Minnesota Vikings,DST,2019,9.0,144.0
110.0,New Orleans Saints,DST,2019,8.9,143.0
111.0,Latavius Murray,RB,2019,8.8,140.2
112.0,Adrian Peterson,RB,2019,8.7,138.5
113.0,Buffalo Bills,DST,2019,8.6,137.0
114.0,Mike Williams,WR,2019,9.1,136.8
115.0,Robbie Chosen,WR,2019,8.5,136.3
116.0,Zane Gonzalez,K,2019,8.5,136.0
117.0,Christian Kirk,WR,2019,10.3,134.2
118.0,Josh Lambo,K,2019,8.4,134.0
118.0,Tampa Bay Buccaneers,DST,2019,8.4,134.0
120.0,Diontae Johnson,WR,2019,8.4,133.6
121.0,Devin Singletary,RB,2019,11.1,133.4
122.0,Chris Conley,WR,2019,8.3,133.0
122.0,Tennessee Titans,DST,2019,8.3,133.0
122.0,Matt Prater,K,2019,8.3,133.0
122.0,New York Jets,DST,2019,8.3,133.0
126.0,Dan Bailey,K,2019,8.3,132.0
126.0,Duke Johnson Jr.,RB,2019,8.3,132.0
128.0,Brandon McManus,K,2019,8.2,131.0
129.0,Greg Zuerlein,K,2019,8.1,129.0
130.0,James Conner,RB,2019,12.9,128.5
131.0,Golden Tate,WR,2019,11.6,127.7
132.0,Randall Cobb,WR,2019,8.5,127.4
133.0,Indianapolis Colts,DST,2019,7.9,127.0
134.0,Jamaal Williams,RB,2019,9.0,126.4
135.0,Damien Williams,RB,2019,11.5,126.1
136.0,Chris Boswell,K,2019,7.9,126.0
137.0,Tyler Higbee,TE,2019,8.4,125.9
138.0,Tevin Coleman,RB,2019,8.9,124.9
139.0,Tarik Cohen,RB,2019,7.8,124.4
140.0,Seattle Seahawks,DST,2019,7.8,124.0
141.0,Dede Westbrook,WR,2019,8.2,123.7
142.0,David Johnson,RB,2019,9.5,123.5
143.0,Marquise Brown,WR,2019,8.8,123.4
144.0,Hunter Henry,TE,2019,10.2,122.7
145.0,Tyrell Williams,WR,2019,8.7,122.1
146.0,Royce Freeman,RB,2019,7.5,120.7
147.0,Breshad Perriman,WR,2019,8.6,120.1
148.0,Joey Slye,K,2019,7.4,119.0
149.0,Mason Rudolph,QB,2019,11.8,117.8
150.0,Randy Bullock,K,2019,7.3,117.0
1.0,Josh Allen,QB,2020,25.3,405.6
2.0,Kyler Murray,QB,2020,24.4,390.7
3.0,Aaron Rodgers,QB,2020,24.2,387.8
4.0,Patrick Mahomes II,QB,2020,25.4,380.4
5.0,Deshaun Watson,QB,2020,23.5,376.3
6.0,Russell Wilson,QB,2020,23.3,372.8
7.0,Ryan Tannehill,QB,2020,21.9,350.9
8.0,Tom Brady,QB,2020,21.9,349.9
9.0,Justin Herbert,QB,2020,22.9,342.8
10.0,Lamar Jackson,QB,2020,22.8,341.8
11.0,Alvin Kamara,RB,2020,22.4,336.3
12.0,Derrick Henry,RB,2020,20.2,323.6
13.0,Kirk Cousins,QB,2020,20.0,319.2
14.0,Dalvin Cook,RB,2020,22.6,315.8
15.0,Davante Adams,WR,2020,21.5,300.9
16.0,Matt Ryan,QB,2020,18.3,293.4
17.0,Tyreek Hill,WR,2020,19.0,285.4
18.0,Derek Carr,QB,2020,17.6,281.1
19.0,Ben Roethlisberger,QB,2020,18.5,277.2
20.0,Matthew Stafford,QB,2020,16.9,270.6
21.0,Cam Newton,QB,2020,18.0,270.0
22.0,Stefon Diggs,WR,2020,16.6,265.1
23.0,Travis Kelce,TE,2020,17.4,260.3
24.0,Baker Mayfield,QB,2020,16.0,256.1
25.0,Jared Goff,QB,2020,16.9,253.0
26.0,Teddy Bridgewater,QB,2020,16.8,252.2
27.0,Philip Rivers,QB,2020,15.7,251.0
28.0,David Montgomery,RB,2020,15.9,237.8
29.0,Calvin Ridley,WR,2020,15.8,236.5
30.0,Aaron Jones Sr.,RB,2020,16.8,235.4
31.0,Jonathan Taylor,RB,2020,15.7,234.8
32.0,DeAndre Hopkins,WR,2020,14.4,230.3
33.0,Justin Jefferson,WR,2020,14.4,230.2
34.0,DK Metcalf,WR,2020,14.4,229.8
35.0,James Robinson,RB,2020,16.1,225.9
36.0,Darren Waller,TE,2020,14.1,225.1
37.0,Adam Thielen,WR,2020,14.5,217.0
38.0,Drew Brees,QB,2020,18.0,215.5
39.0,Tyler Lockett,WR,2020,13.5,215.4
40.0,Josh Jacobs,RB,2020,14.3,214.8
41.0,Mike Evans,WR,2020,13.4,213.6
42.0,Carson Wentz,QB,2020,17.8,213.4
43.0,A.J. Brown,WR,2020,15.2,212.5
44.0,Allen Robinson II,WR,2020,13.2,211.9
45.0,Robert Woods,WR,2020,12.5,200.1
46.0,Nick Chubb,RB,2020,16.6,199.7
47.0,Kareem Hunt,RB,2020,12.5,199.5
48.0,Ezekiel Elliott,RB,2020,13.2,197.7
49.0,Drew Lock,QB,2020,15.1,196.3
50.0,Keenan Allen,WR,2020,13.9,195.1
51.0,Brandin Cooks,WR,2020,12.8,191.5
52.0,Amari Cooper,WR,2020,11.9,190.8
53.0,Daniel Jones,QB,2020,13.6,190.0
54.0,Marvin Jones Jr.,WR,2020,11.9,189.8
55.0,JuJu Smith-Schuster,WR,2020,11.6,185.6
56.0,Antonio Gibson,RB,2020,13.2,184.2
57.0,Chase Claypool,WR,2020,11.5,183.9
58.0,Melvin Gordon III,RB,2020,12.2,182.4
59.0,CeeDee Lamb,WR,2020,11.3,180.7
60.0,Terry McLaurin,WR,2020,12.0,180.3
61.0,Kenyan Drake,RB,2020,12.0,179.7
62.0,Joe Burrow,QB,2020,17.9,178.7
63.0,DJ Moore,WR,2020,11.9,178.5
64.0,Diontae Johnson,WR,2020,11.9,177.8
65.0,Mike Davis,RB,2020,11.8,177.0
66.0,Robbie Chosen,WR,2020,11.0,176.6
67.0,Curtis Samuel,WR,2020,11.6,173.6
68.0,Ronald Jones II,RB,2020,12.3,172.3
69.0,Jason Sanders,K,2020,10.8,172.0
70.0,Chris Carson,RB,2020,14.1,169.3
71.0,Younghoe Koo,K,2020,11.2,168.0
72.0,D'Andre Swift,RB,2020,12.8,166.8
73.0,Cole Beasley,WR,2020,11.1,166.5
74.0,Gardner Minshew II,QB,2020,18.4,165.2
75.0,David Johnson,RB,2020,13.6,163.0
76.0,Cooper Kupp,WR,2020,10.8,162.7
77.0,William Fuller V,WR,2020,14.8,162.4
78.0,Mitchell Trubisky,QB,2020,16.2,161.7
78.0,Nyheim Miller-Hines,RB,2020,10.1,161.7
80.0,Nelson Agholor,WR,2020,10.1,161.6
81.0,Tee Higgins,WR,2020,10.1,161.1
82.0,J.K. Dobbins,RB,2020,10.6,159.5
83.0,Corey Davis,WR,2020,11.4,158.9
84.0,Chris Godwin Jr.,WR,2020,13.2,158.5
85.0,Clyde Edwards-Helaire,RB,2020,12.2,158.0
86.0,Tyler Bass,K,2020,9.8,157.0
87.0,Miles Sanders,RB,2020,13.0,156.4
88.0,Daniel Carlson,K,2020,9.7,155.0
89.0,Taysom Hill,TE,2020,9.7,154.6
90.0,Brandon Aiyuk,WR,2020,12.9,154.5
91.0,Marquise Brown,WR,2020,9.6,154.0
92.0,Tyler Boyd,WR,2020,10.2,153.1
93.0,Greg Zuerlein,K,2020,9.6,153.0
94.0,Jarvis Landry,WR,2020,10.1,152.0
95.0,J.D. McKissic,RB,2020,9.5,151.4
96.0,Los Angeles Rams,DST,2020,9.4,151.0
97.0,Robert Tonyan,TE,2020,9.4,150.6
98.0,Rodrigo Blankenship,K,2020,9.4,150.0
99.0,Pittsburgh Steelers,DST,2020,9.3,148.0
100.0,James Conner,RB,2020,11.3,147.1
101.0,Russell Gage Jr.,WR,2020,9.1,145.1
102.0,Sam Darnold,QB,2020,12.1,145.0
102.0,Ryan Succop,K,2020,9.1,145.0
102.0,Indianapolis Colts,DST,2020,9.1,145.0
102.0,Justin Tucker,K,2020,9.1,145.0
106.0,Andy Dalton,QB,2020,13.1,144.4
107.0,Michael Gallup,WR,2020,9.0,143.8
108.0,Myles Gaskin,RB,2020,14.4,143.7
109.0,Jamison Crowder,WR,2020,11.9,142.5
110.0,T.J. Hockenson,TE,2020,8.9,141.8
111.0,Chase Edmonds,RB,2020,8.8,141.5
112.0,Mark Andrews,TE,2020,10.1,141.1
113.0,Miami Dolphins,DST,2020,8.8,141.0
113.0,Baltimore Ravens,DST,2020,8.8,141.0
115.0,Logan Thomas,TE,2020,8.8,140.6
116.0,Tua Tagovailoa,QB,2020,14.0,140.5
117.0,Dak Prescott,QB,2020,27.8,139.1
118.0,Cairo Santos,K,2020,8.7,139.0
119.0,Austin Ekeler,RB,2020,13.8,138.3
120.0,Jason Myers,K,2020,8.6,138.0
121.0,T.Y. Hilton,WR,2020,9.1,136.2
122.0,Brandon McManus,K,2020,9.1,136.0
123.0,Jeff Wilson Jr.,RB,2020,11.3,135.8
124.0,Tim Patrick,WR,2020,9.0,135.7
125.0,Wil Lutz,K,2020,8.4,135.0
126.0,DeVante Parker,WR,2020,9.6,134.8
127.0,Giovani Bernard,RB,2020,8.4,134.6
128.0,Emmanuel Sanders,WR,2020,9.6,134.3
129.0,Harrison Butker,K,2020,8.4,134.0
130.0,Graham Gano,K,2020,8.3,133.0
131.0,Mike Gesicki,TE,2020,8.9,132.8
132.0,Ka'imi Fairbairn,K,2020,8.3,132.0
133.0,Jerry Jeudy,WR,2020,8.2,131.6
134.0,Mike Williams,WR,2020,8.6,129.7
135.0,Sterling Shepard,WR,2020,10.8,129.5
136.0,Joey Slye,K,2020,8.1,129.0
137.0,Nick Mullens,QB,2020,12.8,128.3
138.0,Laviska Shenault Jr.,WR,2020,9.2,128.1
139.0,Dustin Hopkins,K,2020,8.0,128.0
140.0,Keelan Cole Sr.,WR,2020,8.0,127.9
141.0,DJ Chark Jr.,WR,2020,9.8,127.1
142.0,Washington Commanders,DST,2020,7.9,127.0
143.0,Rob Gronkowski,TE,2020,7.9,126.8
144.0,Wayne Gallman Jr.,RB,2020,8.4,126.1
145.0,New Orleans Saints,DST,2020,7.9,126.0
146.0,Latavius Murray,RB,2020,8.3,124.7
147.0,Devin Singletary,RB,2020,7.8,124.6
148.0,Gus Edwards,RB,2020,7.7,123.7
149.0,Nick Folk,K,2020,7.7,123.0
150.0,Christian Kirk,WR,2020,8.7,122.4
1.0,Josh Allen,QB,2021,24.6,417.6
2.0,Justin Herbert,QB,2021,23.3,395.8
3.0,Tom Brady,QB,2021,22.7,386.7
4.0,Patrick Mahomes II,QB,2021,22.0,374.2
5.0,Cooper Kupp,WR,2021,21.6,367.0
6.0,Jonathan Taylor,RB,2021,20.8,353.1
7.0,Matthew Stafford,QB,2021,20.4,346.7
8.0,Aaron Rodgers,QB,2021,21.1,336.8
9.0,Dak Prescott,QB,2021,20.7,330.6
10.0,Joe Burrow,QB,2021,20.5,328.2
11.0,Jalen Hurts,QB,2021,21.4,321.2
12.0,Kyler Murray,QB,2021,22.2,310.5
13.0,Austin Ekeler,RB,2021,19.3,308.8
14.0,Kirk Cousins,QB,2021,19.2,307.3
15.0,Deebo Samuel Sr.,WR,2021,18.8,300.5
16.0,Davante Adams,WR,2021,17.7,282.8
17.0,Ryan Tannehill,QB,2021,16.6,282.4
18.0,Justin Jefferson,WR,2021,16.3,276.4
19.0,Derek Carr,QB,2021,15.9,271.0
20.0,Joe Mixon,RB,2021,16.7,266.9
21.0,Carson Wentz,QB,2021,15.6,265.0
22.0,Ja'Marr Chase,WR,2021,15.5,264.1
23.0,Najee Harris,RB,2021,15.5,263.7
24.0,Lamar Jackson,QB,2021,21.1,253.0
25.0,Russell Wilson,QB,2021,17.8,248.8
26.0,Mark Andrews,TE,2021,14.6,247.6
27.0,Tyreek Hill,WR,2021,14.2,241.0
28.0,Jimmy Garoppolo,QB,2021,16.0,239.5
29.0,James Conner,RB,2021,15.9,239.2
30.0,Mac Jones,QB,2021,14.0,237.9
31.0,Taylor Heinicke,QB,2021,14.8,237.4
32.0,Matt Ryan,QB,2021,13.8,234.9
33.0,Stefon Diggs,WR,2021,13.8,234.0
34.0,Ezekiel Elliott,RB,2021,13.4,228.6
35.0,Ben Roethlisberger,QB,2021,14.3,228.1
36.0,Mike Evans,WR,2021,14.1,225.5
37.0,Leonard Fournette,RB,2021,15.8,221.1
38.0,Diontae Johnson,WR,2021,13.8,220.9
39.0,Travis Kelce,TE,2021,13.6,216.8
40.0,Trevor Lawrence,QB,2021,12.7,216.0
41.0,Alvin Kamara,RB,2021,16.2,211.2
42.0,Teddy Bridgewater,QB,2021,15.0,209.7
43.0,Cordarrelle Patterson,RB,2021,13.0,208.6
44.0,Mike Williams,WR,2021,13.0,208.6
45.0,Antonio Gibson,RB,2021,13.0,208.1
46.0,Hunter Renfrow,WR,2021,12.2,207.6
47.0,DK Metcalf,WR,2021,12.2,206.8
48.0,Nick Chubb,RB,2021,14.7,205.3
49.0,Tyler Lockett,WR,2021,12.8,204.9
50.0,Keenan Allen,WR,2021,12.8,204.8
51.0,Aaron Jones Sr.,RB,2021,13.5,203.0
52.0,Jared Goff,QB,2021,14.5,202.5
53.0,Damien Harris,RB,2021,13.4,201.1
54.0,Josh Jacobs,RB,2021,13.3,199.0
55.0,Michael Pittman Jr.,WR,2021,11.4,194.6
56.0,Baker Mayfield,QB,2021,13.9,193.9
57.0,Jaylen Waddle,WR,2021,12.1,193.8
58.0,Chris Godwin Jr.,WR,2021,13.8,193.4
59.0,CeeDee Lamb,WR,2021,12.1,193.3
60.0,DJ Moore,WR,2021,11.2,191.0
61.0,Tua Tagovailoa,QB,2021,14.7,190.9
62.0,Dalvin Cook,RB,2021,14.6,189.3
63.0,Brandin Cooks,WR,2021,11.7,186.8
64.0,Dallas Cowboys,DST,2021,10.9,185.0
65.0,Derrick Henry,RB,2021,23.0,184.3
66.0,Javonte Williams,RB,2021,10.8,183.4
67.0,Amon-Ra St. Brown,WR,2021,11.4,182.3
68.0,Tee Higgins,WR,2021,13.0,182.1
69.0,Melvin Gordon III,RB,2021,11.3,181.2
70.0,Marquise Brown,WR,2021,11.3,180.8
71.0,Darnell Mooney,WR,2021,10.5,179.2
72.0,D'Andre Swift,RB,2021,13.7,177.9
73.0,Devin Singletary,RB,2021,10.5,177.8
74.0,David Montgomery,RB,2021,12.5,175.0
75.0,Terry McLaurin,WR,2021,10.3,175.0
76.0,Daniel Jones,QB,2021,15.8,174.0
76.0,Daniel Carlson,K,2021,10.2,174.0
78.0,Darrel Williams,RB,2021,10.1,172.5
79.0,Nick Folk,K,2021,10.1,171.0
80.0,Sam Darnold,QB,2021,14.2,170.3
81.0,Dalton Schultz,TE,2021,10.0,169.8
82.0,Christian Kirk,WR,2021,9.9,169.1
83.0,A.J. Dillon,RB,2021,9.9,168.6
84.0,Amari Cooper,WR,2021,11.2,168.5
85.0,Davis Mills,QB,2021,12.8,167.0
86.0,Adam Thielen,WR,2021,12.8,166.3
87.0,Zach Wilson,QB,2021,12.5,162.9
88.0,George Kittle,TE,2021,11.6,162.5
89.0,Chris Boswell,K,2021,9.5,162.0
89.0,Justin Tucker,K,2021,9.5,162.0
91.0,Matt Gay,K,2021,9.4,159.0
92.0,James Robinson,RB,2021,11.3,158.4
93.0,New England Patriots,DST,2021,9.3,158.0
94.0,Greg Joseph,K,2021,9.2,156.0
95.0,Elijah Mitchell,RB,2021,13.0,155.5
96.0,Miami Dolphins,DST,2021,9.1,155.0
97.0,Matt Prater,K,2021,9.1,154.0
97.0,Evan McPherson,K,2021,9.6,154.0
99.0,DeVonta Smith,WR,2021,9.0,153.6
100.0,Kendrick Bourne,WR,2021,9.0,153.0
101.0,Buffalo Bills,DST,2021,8.9,151.0
102.0,Tyler Boyd,WR,2021,9.4,150.3
103.0,Jake Elliott,K,2021,8.8,150.0
104.0,A.J. Brown,WR,2021,11.5,149.4
105.0,Myles Gaskin,RB,2021,8.8,149.1
106.0,Darrell Henderson Jr.,RB,2021,12.4,148.9
107.0,Dustin Hopkins,K,2021,8.6,147.0
108.0,New Orleans Saints,DST,2021,8.5,145.0
109.0,Jakobi Meyers,WR,2021,9.1,144.8
110.0,Zach Ertz,TE,2021,8.5,143.7
110.0,Rob Gronkowski,TE,2021,12.0,143.7
110.0,Marvin Jones Jr.,WR,2021,8.5,143.7
113.0,Van Jefferson,WR,2021,8.4,143.2
114.0,Tony Pollard,RB,2021,9.5,143.1
115.0,Tyler Bass,K,2021,8.4,143.0
116.0,Kyle Pitts Sr.,TE,2021,8.4,142.6
117.0,Brandon Aiyuk,WR,2021,8.4,142.3
118.0,Tampa Bay Buccaneers,DST,2021,8.3,141.0
119.0,Greg Zuerlein,K,2021,8.8,140.0
119.0,Harrison Butker,K,2021,8.8,140.0
121.0,Dawson Knox,TE,2021,9.3,139.6
122.0,Hunter Henry,TE,2021,8.7,139.3
123.0,Indianapolis Colts,DST,2021,8.1,138.0
123.0,Ryan Succop,K,2021,8.1,138.0
125.0,Chase Claypool,WR,2021,9.1,137.1
126.0,Dallas Goedert,TE,2021,9.1,137.0
127.0,Justin Fields,QB,2021,11.4,136.8
128.0,Michael Carter,RB,2021,9.7,136.4
129.0,Sony Michel,RB,2021,8.0,135.8
130.0,Mason Crosby,K,2021,7.9,134.0
131.0,K.J. Osborn,WR,2021,7.9,133.5
132.0,Kansas City Chiefs,DST,2021,7.7,131.0
133.0,Randy Bullock,K,2021,8.1,130.0
133.0,Russell Gage Jr.,WR,2021,10.0,130.0
135.0,Tim Patrick,WR,2021,8.1,129.9
136.0,A.J. Green,WR,2021,8.1,129.8
137.0,Devonta Freeman,RB,2021,8.1,129.6
138.0,Brandon McManus,K,2021,7.6,129.0
139.0,Marquez Callaway,WR,2021,7.6,128.8
140.0,Mike Gesicki,TE,2021,7.6,128.5
141.0,Saquon Barkley,RB,2021,9.2,128.1
142.0,DeAndre Hopkins,WR,2021,12.6,126.2
143.0,Arizona Cardinals,DST,2021,7.4,126.0
144.0,Cedrick Wilson Jr.,WR,2021,9.0,125.3
145.0,Chuba Hubbard,RB,2021,7.8,125.1
146.0,Noah Fant,TE,2021,7.8,125.0
146.0,Younghoe Koo,K,2021,7.4,125.0
148.0,Taysom Hill,TE,2021,10.4,124.7
149.0,Devontae Booker,RB,2021,7.8,124.1
150.0,Minnesota Vikings,DST,2021,7.3,124.0
1.0,Patrick Mahomes II,QB,2022,25.2,428.9
2.0,Josh Allen,QB,2022,24.2,412.2
3.0,Jalen Hurts,QB,2022,25.6,384.0
4.0,Joe Burrow,QB,2022,21.7,369.0
5.0,Austin Ekeler,RB,2022,18.8,319.2
6.0,Geno Smith,QB,2022,18.5,314.9
7.0,Christian McCaffrey,RB,2022,18.5,313.9
8.0,Justin Fields,QB,2022,20.5,307.0
9.0,Kirk Cousins,QB,2022,18.0,305.6
10.0,Justin Jefferson,WR,2022,17.9,304.7
11.0,Trevor Lawrence,QB,2022,17.9,303.6
12.0,Josh Jacobs,RB,2022,17.8,301.8
13.0,Daniel Jones,QB,2022,18.4,294.0
14.0,Jared Goff,QB,2022,17.1,290.8
15.0,Justin Herbert,QB,2022,17.1,290.3
16.0,Derrick Henry,RB,2022,17.9,286.3
17.0,Davante Adams,WR,2022,16.8,285.5
18.0,Tyreek Hill,WR,2022,16.6,281.7
19.0,Tom Brady,QB,2022,16.5,280.7
20.0,Nick Chubb,RB,2022,15.8,267.9
21.0,Stefon Diggs,WR,2022,15.7,266.2
22.0,Travis Kelce,TE,2022,15.4,261.3
23.0,A.J. Brown,WR,2022,15.0,255.6
24.0,Saquon Barkley,RB,2022,16.0,255.5
25.0,Aaron Rodgers,QB,2022,14.8,251.2
26.0,CeeDee Lamb,WR,2022,14.6,248.1
27.0,Lamar Jackson,QB,2022,20.3,243.1
28.0,Tua Tagovailoa,QB,2022,18.4,238.9
29.0,Russell Wilson,QB,2022,15.8,236.3
30.0,Derek Carr,QB,2022,15.5,233.1
31.0,Tony Pollard,RB,2022,14.3,229.3
32.0,Jaylen Waddle,WR,2022,13.0,221.7
33.0,Jamaal Williams,RB,2022,12.9,219.9
34.0,Aaron Jones Sr.,RB,2022,12.9,219.1
35.0,Dalvin Cook,RB,2022,12.8,218.3
36.0,Amon-Ra St. Brown,WR,2022,13.4,214.6
36.0,Rhamondre Stevenson,RB,2022,12.6,214.6
38.0,Dak Prescott,QB,2022,17.8,213.6
39.0,Joe Mixon,RB,2022,14.0,210.7
40.0,Amari Cooper,WR,2022,12.2,208.0
41.0,Kyler Murray,QB,2022,18.9,207.5
42.0,DeVonta Smith,WR,2022,12.2,207.1
43.0,Miles Sanders,RB,2022,12.2,206.7
44.0,Marcus Mariota,QB,2022,15.8,205.6
45.0,Najee Harris,RB,2022,11.9,203.0
46.0,Christian Kirk,WR,2022,11.8,199.9
47.0,Ja'Marr Chase,WR,2022,15.3,198.9
48.0,Davis Mills,QB,2022,13.1,196.5
49.0,Tyler Lockett,WR,2022,12.2,195.3
50.0,Leonard Fournette,RB,2022,11.9,190.6
51.0,Terry McLaurin,WR,2022,11.2,190.5
52.0,Kenneth Walker III,RB,2022,12.6,189.0
53.0,Brandon Aiyuk,WR,2022,11.1,188.8
54.0,Travis Etienne Jr.,RB,2022,11.0,187.6
55.0,Mike Evans,WR,2022,12.5,186.9
56.0,New England Patriots,DST,2022,10.9,186.0
57.0,Tee Higgins,WR,2022,12.4,185.7
58.0,Andy Dalton,QB,2022,13.1,183.2
59.0,Alvin Kamara,RB,2022,12.2,183.2
60.0,DK Metcalf,WR,2022,10.7,181.8
61.0,Mac Jones,QB,2022,12.9,181.1
62.0,Ezekiel Elliott,RB,2022,11.8,177.3
63.0,James Conner,RB,2022,13.6,177.2
64.0,Jacoby Brissett,QB,2022,12.5,174.6
65.0,Garrett Wilson,WR,2022,10.2,174.2
66.0,T.J. Hockenson,TE,2022,10.1,172.4
67.0,Chris Godwin Jr.,WR,2022,11.4,170.8
68.0,Jerry Jeudy,WR,2022,11.4,170.7
69.0,George Kittle,TE,2022,11.4,170.5
70.0,Dallas Cowboys,DST,2022,10.0,170.0
71.0,Jimmy Garoppolo,QB,2022,15.3,168.8
72.0,Jerick McKinnon,RB,2022,9.9,168.3
73.0,Matt Ryan,QB,2022,14.0,168.3
74.0,DJ Moore,WR,2022,9.9,167.6
75.0,Ryan Tannehill,QB,2022,13.9,167.2
76.0,D'Andre Swift,RB,2022,11.9,167.1
77.0,Michael Pittman Jr.,WR,2022,10.4,167.0
78.0,Justin Tucker,K,2022,9.6,164.0
79.0,Cooper Kupp,WR,2022,18.2,163.9
80.0,San Francisco 49ers,DST,2022,9.6,163.0
81.0,Chris Olave,WR,2022,10.8,162.2
82.0,Daniel Carlson,K,2022,9.5,162.0
83.0,Brett Maher,K,2022,9.5,161.0
84.0,David Montgomery,RB,2022,10.0,160.7
85.0,Devin Singletary,RB,2022,9.4,159.2
86.0,Jason Myers,K,2022,9.4,159.0
87.0,Kenny Pickett,QB,2022,12.2,158.9
88.0,Zay Jones,WR,2022,9.8,157.1
89.0,Philadelphia Eagles,DST,2022,9.1,154.0
90.0,Mark Andrews,TE,2022,10.3,154.0
91.0,A.J. Dillon,RB,2022,9.0,153.6
92.0,Raheem Mostert,RB,2022,9.6,152.8
93.0,Younghoe Koo,K,2022,8.9,152.0
93.0,Buffalo Bills,DST,2022,8.9,152.0
95.0,Tyler Allgeier,RB,2022,9.5,151.4
96.0,Dameon Pierce,RB,2022,11.6,151.4
97.0,Gabe Davis,WR,2022,9.8,147.6
98.0,Jeff Wilson Jr.,RB,2022,9.2,147.5
99.0,Jakobi Meyers,WR,2022,10.5,146.8
100.0,JuJu Smith-Schuster,WR,2022,9.1,146.3
101.0,Tyler Boyd,WR,2022,8.6,146.0
101.0,Tyler Bass,K,2022,8.6,146.0
101.0,Nick Folk,K,2022,8.6,146.0
101.0,Eddy Pineiro,K,2022,8.6,146.0
105.0,Adam Thielen,WR,2022,8.5,145.0
105.0,Graham Gano,K,2022,8.5,145.0
107.0,Mike Williams,WR,2022,11.2,145.0
108.0,Allen Lazard,WR,2022,9.7,144.8
109.0,Curtis Samuel,WR,2022,8.5,144.3
110.0,Cordarrelle Patterson,RB,2022,11.1,144.2
111.0,Christian Watson,WR,2022,10.3,143.6
112.0,Antonio Gibson,RB,2022,9.5,142.9
113.0,Drake London,WR,2022,8.4,142.6
114.0,Robbie Gould,K,2022,8.4,142.0
115.0,Taysom Hill,TE,2022,8.8,141.3
116.0,Latavius Murray,RB,2022,10.1,140.7
117.0,George Pickens,WR,2022,8.3,140.5
118.0,Evan Engram,TE,2022,8.3,140.4
118.0,Deebo Samuel Sr.,WR,2022,10.8,140.4
120.0,Riley Patterson,K,2022,8.2,140.0
121.0,Jacksonville Jaguars,DST,2022,8.2,139.0
121.0,Greg Zuerlein,K,2022,8.2,139.0
123.0,Chase McLaughlin,K,2022,8.6,138.0
124.0,Diontae Johnson,WR,2022,8.1,137.7
125.0,Donovan Peoples-Jones,WR,2022,8.0,136.6
126.0,Brandon McManus,K,2022,7.9,135.0
126.0,Jason Sanders,K,2022,7.9,135.0
128.0,Cam Akers,RB,2022,9.0,134.8
129.0,Baltimore Ravens,DST,2022,7.9,134.0
130.0,Joshua Palmer,WR,2022,8.3,133.3
131.0,Ryan Succop,K,2022,7.8,133.0
131.0,Greg Joseph,K,2022,7.8,133.0
131.0,Matt Gay,K,2022,7.8,133.0
134.0,Jonathan Taylor,RB,2022,11.0,132.4
135.0,Evan McPherson,K,2022,7.8,132.0
135.0,Ka'imi Fairbairn,K,2022,7.8,132.0
137.0,Keenan Allen,WR,2022,13.1,131.0
138.0,Baker Mayfield,QB,2022,10.8,129.4
139.0,Isiah Pacheco,RB,2022,7.6,128.5
139.0,D'Onta Foreman,RB,2022,7.6,128.5
141.0,Courtland Sutton,WR,2022,8.5,127.4
142.0,Mack Hollins,WR,2022,7.4,125.7
143.0,K.J. Osborn,WR,2022,7.4,125.6
144.0,Samaje Perine,RB,2022,7.7,123.1
145.0,Marquise Brown,WR,2022,10.2,122.5
146.0,Cole Kmet,TE,2022,7.2,122.3
147.0,Jake Elliott,K,2022,7.6,122.0
148.0,Taylor Heinicke,QB,2022,13.6,122.0
149.0,Carson Wentz,QB,2022,15.2,121.8
150.0,Kansas City Chiefs,DST,2022,7.1,121.0
1.0,Josh Allen,QB,2023,24.2,410.6
2.0,Jalen Hurts,QB,2023,21.9,371.8
3.0,Christian McCaffrey,RB,2023,22.4,357.8
4.0,Dak Prescott,QB,2023,20.7,351.8
5.0,Lamar Jackson,QB,2023,21.1,338.2
6.0,CeeDee Lamb,WR,2023,19.7,335.7
7.0,Jordan Love,QB,2023,19.4,330.1
8.0,Tyreek Hill,WR,2023,19.8,316.9
9.0,Brock Purdy,QB,2023,19.2,306.6
10.0,Jared Goff,QB,2023,17.7,301.1
11.0,Patrick Mahomes II,QB,2023,18.4,294.2
12.0,Tua Tagovailoa,QB,2023,16.7,284.4
13.0,Baker Mayfield,QB,2023,16.7,284.1
14.0,C.J. Stroud,QB,2023,18.7,280.5
15.0,Sam Howell,QB,2023,16.4,278.0
16.0,Trevor Lawrence,QB,2023,17.3,276.5
17.0,Amon-Ra St. Brown,WR,2023,17.0,271.4
18.0,Russell Wilson,QB,2023,17.7,264.9
19.0,Raheem Mostert,RB,2023,17.0,255.2
20.0,Matthew Stafford,QB,2023,16.9,254.1
21.0,Travis Etienne Jr.,RB,2023,14.9,253.4
22.0,Breece Hall,RB,2023,14.9,252.5
23.0,Derek Carr,QB,2023,14.7,249.1
24.0,Puka Nacua,WR,2023,14.5,246.0
25.0,Mike Evans,WR,2023,14.3,243.0
26.0,Joe Mixon,RB,2023,14.2,241.0
27.0,Justin Herbert,QB,2023,18.5,240.7
28.0,Justin Fields,QB,2023,18.4,239.2
29.0,Kyren Williams,RB,2023,19.9,239.0
30.0,DJ Moore,WR,2023,14.0,238.5
31.0,A.J. Brown,WR,2023,13.9,236.6
32.0,Rachaad White,RB,2023,13.9,235.9
33.0,Geno Smith,QB,2023,15.7,235.8
34.0,Derrick Henry,RB,2023,13.7,232.7
35.0,Keenan Allen,WR,2023,17.3,224.9
36.0,Nico Collins,WR,2023,14.7,220.4
37.0,Stefon Diggs,WR,2023,13.0,220.3
38.0,Bijan Robinson,RB,2023,12.8,217.3
39.0,Jahmyr Gibbs,RB,2023,14.4,216.1
40.0,Davante Adams,WR,2023,12.6,213.9
41.0,Deebo Samuel Sr.,WR,2023,14.2,213.7
42.0,Ja'Marr Chase,WR,2023,13.3,212.7
43.0,Brandon Aiyuk,WR,2023,13.2,211.7
44.0,James Cook,RB,2023,12.4,210.7
45.0,Joshua Dobbs,QB,2023,16.2,210.7
46.0,Gardner Minshew II,QB,2023,12.8,205.2
47.0,Saquon Barkley,RB,2023,14.5,202.7
48.0,David Montgomery,RB,2023,14.2,199.2
49.0,Sam LaPorta,TE,2023,11.5,196.3
50.0,Michael Pittman Jr.,WR,2023,12.2,195.7
51.0,Alvin Kamara,RB,2023,15.0,195.5
52.0,Tony Pollard,RB,2023,11.5,195.1
53.0,DK Metcalf,WR,2023,12.0,192.4
54.0,Calvin Ridley,WR,2023,11.3,191.9
54.0,Isiah Pacheco,RB,2023,13.7,191.9
56.0,Amari Cooper,WR,2023,12.7,191.0
57.0,Jerome Ford,RB,2023,11.1,189.2
58.0,Desmond Ridder,QB,2023,12.6,188.6
59.0,James Conner,RB,2023,14.5,188.0
60.0,Chris Olave,WR,2023,11.7,187.8
61.0,DeVonta Smith,WR,2023,11.7,187.1
62.0,Jordan Addison,WR,2023,11.0,186.3
63.0,DeAndre Hopkins,WR,2023,10.9,186.1
64.0,Jayden Reed,WR,2023,11.6,185.2
65.0,Kenneth Walker III,RB,2023,12.3,184.9
66.0,Jakobi Meyers,WR,2023,11.4,183.1
67.0,Najee Harris,RB,2023,10.6,181.0
67.0,Gus Edwards,RB,2023,10.6,181.0
67.0,Brandon Aubrey,K,2023,10.6,181.0
70.0,Brian Robinson Jr.,RB,2023,12.0,180.1
71.0,D'Andre Swift,RB,2023,11.2,179.8
72.0,Adam Thielen,WR,2023,10.6,179.5
73.0,Dallas Cowboys,DST,2023,10.5,178.0
74.0,George Pickens,WR,2023,10.4,177.3
75.0,De'Von Achane,RB,2023,16.1,177.2
76.0,Baltimore Ravens,DST,2023,10.2,174.0
77.0,Evan Engram,TE,2023,10.2,173.3
78.0,Rashee Rice,WR,2023,10.8,173.0
79.0,Travis Kelce,TE,2023,11.5,172.9
80.0,T.J. Hockenson,TE,2023,11.4,171.5
81.0,George Kittle,TE,2023,10.7,170.7
82.0,Terry McLaurin,WR,2023,10.0,169.7
83.0,Justin Jefferson,WR,2023,16.8,168.2
84.0,Zay Flowers,WR,2023,10.5,167.9
85.0,Chris Godwin Jr.,WR,2023,9.9,167.7
86.0,Bryce Young,QB,2023,10.4,166.4
87.0,Jaylen Warren,RB,2023,9.8,165.9
88.0,Garrett Wilson,WR,2023,9.7,165.7
89.0,Chuba Hubbard,RB,2023,9.6,163.0
90.0,Tyler Lockett,WR,2023,9.6,162.9
91.0,Jaylen Waddle,WR,2023,11.6,162.6
92.0,Josh Jacobs,RB,2023,12.5,162.6
93.0,David Njoku,TE,2023,10.0,160.7
94.0,Courtland Sutton,WR,2023,10.0,160.7
95.0,Justin Tucker,K,2023,9.4,160.0
96.0,Austin Ekeler,RB,2023,11.4,159.9
97.0,Buffalo Bills,DST,2023,9.4,159.0
98.0,Jason Myers,K,2023,9.3,158.0
98.0,Cairo Santos,K,2023,9.3,158.0
100.0,Matt Gay,K,2023,9.2,157.0
100.0,Cleveland Browns,DST,2023,9.2,157.0
100.0,New York Jets,DST,2023,9.2,157.0
103.0,Zack Moss,RB,2023,11.2,156.1
104.0,Jake Elliott,K,2023,9.2,156.0
105.0,Javonte Williams,RB,2023,9.7,155.7
106.0,Kirk Cousins,QB,2023,19.3,154.7
107.0,Harrison Butker,K,2023,9.1,154.0
108.0,Joe Burrow,QB,2023,15.3,153.2
109.0,Devin Singletary,RB,2023,9.0,152.3
110.0,Miami Dolphins,DST,2023,8.9,152.0
111.0,Kyler Murray,QB,2023,18.9,151.4
112.0,Cameron Dicker,K,2023,8.9,151.0
113.0,Jake Browning,QB,2023,16.8,150.9
114.0,Blake Grupe,K,2023,8.8,150.0
115.0,Dustin Hopkins,K,2023,9.9,149.0
115.0,Ezekiel Elliott,RB,2023,8.8,149.0
117.0,Jonathan Taylor,RB,2023,14.7,146.9
118.0,Brandin Cooks,WR,2023,9.1,146.2
119.0,Brandon McManus,K,2023,8.6,146.0
119.0,Las Vegas Raiders,DST,2023,8.6,146.0
119.0,Jason Sanders,K,2023,8.6,146.0
122.0,Romeo Doubs,WR,2023,8.5,144.9
123.0,Cole Kmet,TE,2023,8.5,144.6
124.0,Greg Zuerlein,K,2023,8.9,143.0
124.0,Pittsburgh Steelers,DST,2023,8.4,143.0
124.0,New Orleans Saints,DST,2023,8.4,143.0
127.0,Jake Ferguson,TE,2023,8.3,141.6
128.0,Tank Dell,WR,2023,12.9,141.5
129.0,San Francisco 49ers,DST,2023,8.3,141.0
129.0,Trey McBride,TE,2023,8.3,141.0
131.0,Evan McPherson,K,2023,8.2,140.0
132.0,Drake London,WR,2023,8.7,139.9
133.0,Indianapolis Colts,DST,2023,8.2,139.0
134.0,Gabe Davis,WR,2023,8.2,138.9
135.0,Younghoe Koo,K,2023,8.1,138.0
136.0,Chase McLaughlin,K,2023,8.0,136.0
137.0,Cooper Kupp,WR,2023,11.2,134.9
138.0,Kansas City Chiefs,DST,2023,7.9,134.0
139.0,Tampa Bay Buccaneers,DST,2023,7.8,133.0
139.0,Chris Boswell,K,2023,7.8,133.0
139.0,Tyler Bass,K,2023,7.8,133.0
142.0,Aidan O'Connell,QB,2023,12.1,132.8
143.0,Rashid Shaheed,WR,2023,8.3,132.6
144.0,New York Giants,DST,2023,7.7,131.0
144.0,Houston Texans,DST,2023,7.7,131.0
144.0,Nick Folk,K,2023,7.7,131.0
144.0,Jake Moody,K,2023,7.7,131.0
148.0,Matt Prater,K,2023,7.6,130.0
149.0,Wil Lutz,K,2023,7.6,129.0
150.0,Tyler Allgeier,RB,2023,7.6,128.6
1.0,Lamar Jackson,QB,2024,25.6,434.4
2.0,Josh Allen,QB,2024,22.6,385.0
3.0,Joe Burrow,QB,2024,22.5,381.8
4.0,Baker Mayfield,QB,2024,22.5,381.8
5.0,Jayden Daniels,QB,2024,21.5,364.8
6.0,Ja'Marr Chase,WR,2024,20.0,339.5
7.0,Saquon Barkley,RB,2024,21.2,338.8
8.0,Jahmyr Gibbs,RB,2024,19.8,336.9
9.0,Jared Goff,QB,2024,19.8,336.0
10.0,Bo Nix,QB,2024,19.3,328.7
11.0,Derrick Henry,RB,2024,19.2,326.9
12.0,Jalen Hurts,QB,2024,21.3,320.1
13.0,Sam Darnold,QB,2024,18.8,320.0
14.0,Bijan Robinson,RB,2024,18.3,311.2
15.0,Kyler Murray,QB,2024,18.1,308.2
16.0,Patrick Mahomes II,QB,2024,18.3,293.5
17.0,Justin Herbert,QB,2024,17.0,288.4
18.0,Geno Smith,QB,2024,16.5,281.0
19.0,Brock Purdy,QB,2024,18.6,278.9
20.0,Josh Jacobs,RB,2024,16.2,275.1
21.0,Aaron Rodgers,QB,2024,15.7,267.6
22.0,Justin Jefferson,WR,2024,15.6,266.0
23.0,De'Von Achane,RB,2024,15.3,260.9
24.0,Caleb Williams,QB,2024,15.3,260.5
25.0,Amon-Ra St. Brown,WR,2024,15.2,258.7
26.0,Kyren Williams,RB,2024,15.9,255.1
27.0,James Cook,RB,2024,15.7,250.7
28.0,Jordan Love,QB,2024,16.3,244.9
29.0,Brian Thomas Jr.,WR,2024,14.1,240.5
30.0,Jonathan Taylor,RB,2024,16.8,235.7
31.0,C.J. Stroud,QB,2024,13.7,232.4
32.0,Alvin Kamara,RB,2024,16.5,231.3
33.0,Drake London,WR,2024,13.6,230.8
34.0,James Conner,RB,2024,14.4,230.3
35.0,Chase Brown,RB,2024,14.3,228.0
36.0,Terry McLaurin,WR,2024,13.3,226.8
37.0,Matthew Stafford,QB,2024,13.9,222.6
38.0,Joe Mixon,RB,2024,15.9,222.5
39.0,Bucky Irving,RB,2024,13.0,220.9
40.0,Chuba Hubbard,RB,2024,14.7,220.1
41.0,Malik Nabers,WR,2024,14.6,219.1
42.0,Aaron Jones Sr.,RB,2024,12.7,216.1
43.0,CeeDee Lamb,WR,2024,14.2,212.9
44.0,Breece Hall,RB,2024,13.3,212.4
45.0,Brock Bowers,TE,2024,12.2,206.7
46.0,Bryce Young,QB,2024,14.6,204.0
47.0,David Montgomery,RB,2024,14.6,203.7
48.0,Mike Evans,WR,2024,14.5,203.4
49.0,Jaxon Smith-Njigba,WR,2024,11.9,203.0
50.0,Garrett Wilson,WR,2024,11.8,201.4
51.0,Ladd McConkey,WR,2024,12.5,199.9
52.0,Courtland Sutton,WR,2024,11.8,199.8
53.0,Davante Adams,WR,2024,14.2,198.8
54.0,George Kittle,TE,2024,13.2,197.6
55.0,Jerry Jeudy,WR,2024,11.5,195.9
56.0,Trey McBride,TE,2024,12.1,194.3
57.0,D'Andre Swift,RB,2024,11.4,193.5
58.0,Kirk Cousins,QB,2024,13.7,192.3
59.0,Brandon Aubrey,K,2024,11.3,192.0
60.0,Chris Boswell,K,2024,11.2,191.0
61.0,DJ Moore,WR,2024,11.1,189.1
62.0,Tua Tagovailoa,QB,2024,17.1,188.6
63.0,Drake Maye,QB,2024,13.4,187.1
64.0,Najee Harris,RB,2024,11.0,186.6
65.0,Tee Higgins,WR,2024,15.5,185.6
66.0,A.J. Brown,WR,2024,14.1,183.4
67.0,Jameson Williams,WR,2024,12.2,183.2
68.0,Jordan Addison,WR,2024,12.1,181.0
69.0,Tony Pollard,RB,2024,11.3,180.2
70.0,Denver Broncos,DST,2024,10.5,179.0
70.0,Cameron Dicker,K,2024,10.5,179.0
72.0,Rico Dowdle,RB,2024,11.1,178.3
73.0,Jonnu Smith,TE,2024,10.5,178.3
74.0,Russell Wilson,QB,2024,16.2,177.8
75.0,Tyreek Hill,WR,2024,10.5,177.7
76.0,Nico Collins,WR,2024,14.7,176.6
77.0,J.K. Dobbins,RB,2024,13.5,175.8
78.0,Anthony Richardson Sr.,QB,2024,15.9,174.9
79.0,Jakobi Meyers,WR,2024,11.6,174.5
80.0,Rachaad White,RB,2024,10.9,174.1
81.0,Zay Flowers,WR,2024,10.1,172.5
82.0,Ka'imi Fairbairn,K,2024,10.1,172.0
83.0,Jauan Jennings,WR,2024,11.5,172.0
84.0,Jayden Reed,WR,2024,10.0,169.5
85.0,Calvin Ridley,WR,2024,9.8,167.2
86.0,Puka Nacua,WR,2024,15.2,167.1
87.0,Jason Sanders,K,2024,9.8,166.0
88.0,Zach Charbonnet,RB,2024,9.8,165.9
89.0,Marvin Harrison Jr.,WR,2024,9.7,165.5
90.0,DeVonta Smith,WR,2024,12.7,165.4
91.0,Chase McLaughlin,K,2024,9.6,164.0
92.0,Tyrone Tracy Jr.,RB,2024,9.6,163.3
93.0,Minnesota Vikings,DST,2024,9.5,162.0
94.0,Mark Andrews,TE,2024,9.5,161.3
95.0,Darnell Mooney,WR,2024,10.1,161.2
96.0,Jake Bates,K,2024,9.5,161.0
97.0,Wil Lutz,K,2024,9.4,160.0
98.0,Rhamondre Stevenson,RB,2024,10.6,159.4
99.0,Kenneth Walker III,RB,2024,14.4,158.2
99.0,DK Metcalf,WR,2024,10.5,158.2
101.0,Xavier Worthy,WR,2024,9.3,157.7
102.0,Derek Carr,QB,2024,15.6,155.9
103.0,Trevor Lawrence,QB,2024,15.2,152.2
104.0,Rashod Bateman,WR,2024,8.9,152.1
105.0,Keenan Allen,WR,2024,10.0,150.4
106.0,Brian Robinson Jr.,RB,2024,10.7,149.8
107.0,Green Bay Packers,DST,2024,8.7,148.0
108.0,Josh Downs,WR,2024,10.5,147.5
109.0,Quentin Johnston,WR,2024,9.8,147.2
110.0,Travis Kelce,TE,2024,9.2,146.9
111.0,Tyler Bass,K,2024,8.6,146.0
111.0,Pittsburgh Steelers,DST,2024,8.6,146.0
113.0,Daniel Carlson,K,2024,8.5,145.0
114.0,Sam LaPorta,TE,2024,9.0,144.6
115.0,Khalil Shakir,WR,2024,9.6,144.5
116.0,Zach Ertz,TE,2024,8.5,144.4
117.0,Kareem Hunt,RB,2024,11.1,143.9
118.0,Jameis Winston,QB,2024,11.9,143.1
119.0,Justin Tucker,K,2024,8.4,143.0
120.0,Alec Pierce,WR,2024,8.9,142.9
121.0,Daniel Jones,QB,2024,14.2,142.3
122.0,Cooper Kupp,WR,2024,11.8,141.5
123.0,Jake Elliott,K,2024,8.3,141.0
124.0,Jason Myers,K,2024,8.2,140.0
125.0,Houston Texans,DST,2024,8.2,139.0
125.0,Matt Gay,K,2024,8.7,139.0
127.0,Tucker Kraft,TE,2024,8.1,138.3
128.0,Wan'Dale Robinson,WR,2024,8.0,136.2
129.0,Seattle Seahawks,DST,2024,8.0,136.0
130.0,Pat Freiermuth,TE,2024,8.0,135.8
131.0,Joshua Karty,K,2024,7.9,135.0
131.0,Philadelphia Eagles,DST,2024,7.9,135.0
133.0,George Pickens,WR,2024,9.6,134.9
134.0,Buffalo Bills,DST,2024,7.8,133.0
135.0,Will Levis,QB,2024,11.0,131.9
136.0,Javonte Williams,RB,2024,7.8,131.9
137.0,Michael Pittman Jr.,WR,2024,8.2,131.3
138.0,Blake Grupe,K,2024,7.7,131.0
138.0,Will Reichard,K,2024,10.1,131.0
140.0,Deebo Samuel Sr.,WR,2024,8.5,128.1
141.0,Los Angeles Chargers,DST,2024,7.5,128.0
142.0,Jalen Tolbert,WR,2024,7.5,127.5
143.0,Cam Little,K,2024,7.4,126.0
144.0,Tank Bigsby,RB,2024,7.8,125.5
145.0,Chad Ryland,K,2024,9.6,125.0
146.0,Dak Prescott,QB,2024,15.6,124.5
147.0,Detroit Lions,DST,2024,7.2,123.0
148.0,Chicago Bears,DST,2024,7.1,121.0
149.0,Jaylen Waddle,WR,2024,7.5,120.6
150.0,Justin Fields,QB,2024,12.0,120.1
